"business_name","website","industry","city","state","email"
"Service Experts Heating & Air Conditioning","http://www.serviceexperts.com","AC Repairs","Big Bear Lake","CA","customercare@serviceexperts.com"
"Service Experts Heating & Air Conditioning","http://www.serviceexperts.com","AC Repairs","Big Bear Lake","CA","customercare@serviceexperts.com"
"AZ Crane","http://www.azcrane.net","AC Repairs","Big Bear Lake","CA","azcrane@roadrunner.com"
"Geiger Supply Inc","http://geigersupplyinc.com","AC Repairs","Big Bear Lake","CA","geigersupply@geigersupplyinc.com"
"Geiger Supply Inc","http://geigersupplyinc.com","AC Repairs","Big Bear Lake","CA","geigersupply@verizon.net"
"M & M Mechanical","http://heatingandairinbigbear.com","AC Repairs","Big Bear Lake","CA","mountainmanor4@yahoo.com"
"M & M Mechanical","http://heatingandairinbigbear.com","AC Repairs","Big Bear Lake","CA","mmmechanicalbigbear@gmail.com"
"Mr. Roberts Plumbing & Heating","http://www.bigbearplumber.com","AC Repairs","Big Bear Lake","CA","info@eaglemountainplumbing.com"
"Travelodge","http://travelodge.com","Accommodation","Big Bear Lake","CA","accessibility@wyn.com"
